"","t.stat","df","p"
"t",0.808501015963048,10.6128491536787,0.436551143610332
