"","df","f.model","r","p"
"1",1,3.31365421158865,0.148503431135349,0.045
"2",19,NA,0.851496568864651,NA
"3",20,NA,1,NA
