"data","avg","sd"
"w/ singletons",6.85365853658537,2.05622196770869
"w/o singletons",5.53658536585366,1.88543842349213
