"data","avg","sd"
"w/ singletons",6.85365853658537,2.05622196770869
"w/o singletons",6.75609756097561,2.04671062689475
