"anosim.res","stress.nmds","F.betadisper","df.betadisper.1","df.betadisper.2","p.betadisper","r","p"
"jaccard",0.108875937170651,0.246679290667762,1,19,0.625120649560732,0.264,0.003
"morisita",0.123050603837798,0.348718875485849,1,19,0.561798251418796,0.303181818181818,0.001
