"","t.stat","df","p"
"t",-1.79101719535226,12.6877183203873,0.0971625196087749
