"","chi","df","p"
"1",15.1263140356822,3,0.00171182539135846
