"anosim.res","stress.nmds","F.betadisper","df.betadisper.1","df.betadisper.2","p.betadisper","r","p"
"jaccard",0.189913488933959,4.78708246372683,1,18,0.0421074882975438,0.437333333333333,0.001
"morisita",0.161290796112852,1.29653240195991,1,18,0.269775910043829,0.208222222222222,0.001
