"anosim.res","stress.nmds","F.betadisper","df.betadisper.1","df.betadisper.2","p.betadisper","r","p"
"jaccard",0.16672667282489,0.324351786336979,3,35,0.807713748945747,0.27617728531856,0.001
"morisita",0.191357488510872,2.3425016173641,3,36,0.0894119721570321,0.280527777777778,0.001
