"test","F.model.burn.status","r2.burn.status","p.burn.status","F.model.po4","r2.po4","p.po4","F.model.temp","r2.temp","p.temp"
"jaccard",2.66424574737171,0.0536417217077061,0.00599400599400599,3.6707258875267,0.0739061164752638,0.000999000999000999,3.60364984533325,0.0725556125316449,0.000999000999000999
"morisita",2.55943139097581,0.0527680957939336,0.000999000999000999,2.88601140905098,0.0595012341538586,0.000999000999000999,3.3305136468545,0.0686655886849996,0.000999000999000999
